{
    "BLEU": {
        "Precision": 0.09788418874133134
    },
    "ROUGE-L": {
        "Precision": 0.3643673866150479,
        "Recall": 0.39882764880342075,
        "F1": 0.3290834461491516
    },
    "BERTScore": {
        "Precision": 0.8803130388259888,
        "Recall": 0.8793355822563171,
        "F1": 0.8788098096847534
    },
    "SBERT": {
        "Cosine Similarity": 0.49692344665527344
    }
}