{
    "BLEU": {
        "Precision": 0.041338902676197276
    },
    "ROUGE-L": {
        "Precision": 0.1892265479826318,
        "Recall": 0.14701067082181737,
        "F1": 0.12529196742459353
    },
    "BERTScore": {
        "Precision": 0.8533716797828674,
        "Recall": 0.8736167550086975,
        "F1": 0.8622650504112244
    },
    "SBERT": {
        "Cosine Similarity": 0.27413785457611084
    }
}