{
    "BLEU": {
        "Precision": 0.21773062906258883
    },
    "ROUGE-L": {
        "Precision": 0.541455050686901,
        "Recall": 0.5640273999599316,
        "F1": 0.5226516366970517
    },
    "BERTScore": {
        "Precision": 0.8998913764953613,
        "Recall": 0.9078726768493652,
        "F1": 0.9031074643135071
    },
    "SBERT": {
        "Cosine Similarity": 0.7100087404251099
    }
}