{
    "precision": 0.34673910617576253,
    "recall": 0.34207376445813514,
    "f1": 0.34391942109344237,
    "hit@k": 0.405,
    "accuracy": 0.829181435284359,
    "full accuracy": 0.265
}